{
  "id": "nito_1780947226_9cc22c",
  "source": "real_qwalk_label_gold_automated",
  "verified_label": true,
  "training_eligible": true,
  "animal_type": "unknown",
  "morphology_type": "medium_quadruped",
  "axes": {
    "forward": [
      0.0,
      1.0,
      0.0
    ],
    "left": [
      1.0,
      0.0,
      0.0
    ],
    "up": [
      0.0,
      0.0,
      1.0
    ]
  },
  "guide_bones": {
    "qwg_guide_pelvis": {
      "head": [
        -0.003413,
        -0.268434,
        0.397499
      ],
      "tail": [
        -0.003413,
        -0.12475,
        0.410211
      ]
    },
    "qwg_guide_spine": {
      "head": [
        -0.003413,
        -0.12475,
        0.410211
      ],
      "tail": [
        -0.003413,
        0.053705,
        0.396234
      ]
    },
    "qwg_guide_chest": {
      "head": [
        -0.003413,
        0.053705,
        0.396234
      ],
      "tail": [
        -0.003413,
        0.182895,
        0.404871
      ]
    },
    "qwg_guide_neck": {
      "head": [
        -0.003413,
        0.182895,
        0.404871
      ],
      "tail": [
        -0.002143,
        0.22475,
        0.464989
      ]
    },
    "qwg_guide_head": {
      "head": [
        -0.002143,
        0.22475,
        0.464989
      ],
      "tail": [
        0.007334,
        0.265668,
        0.527339
      ]
    },
    "qwg_guide_tail": {
      "head": [
        -0.003413,
        -0.293933,
        0.402135
      ],
      "tail": [
        -0.003413,
        -0.461004,
        0.054797
      ]
    },
    "qwg_guide_front_left_upper": {
      "head": [
        0.122735,
        0.084081,
        0.383717
      ],
      "tail": [
        0.122735,
        0.118162,
        0.212989
      ]
    },
    "qwg_guide_front_left_lower": {
      "head": [
        0.122735,
        0.118162,
        0.212989
      ],
      "tail": [
        0.122735,
        0.158987,
        0.102522
      ]
    },
    "qwg_guide_front_left_foot": {
      "head": [
        0.122735,
        0.158987,
        0.102522
      ],
      "tail": [
        0.122735,
        0.184424,
        0.0253
      ]
    },
    "qwg_guide_front_right_upper": {
      "head": [
        -0.12956,
        0.084081,
        0.383717
      ],
      "tail": [
        -0.12956,
        0.118162,
        0.212989
      ]
    },
    "qwg_guide_front_right_lower": {
      "head": [
        -0.12956,
        0.118162,
        0.212989
      ],
      "tail": [
        -0.12956,
        0.158987,
        0.102522
      ]
    },
    "qwg_guide_front_right_foot": {
      "head": [
        -0.12956,
        0.158987,
        0.102522
      ],
      "tail": [
        -0.12956,
        0.184424,
        0.0253
      ]
    },
    "qwg_guide_rear_left_upper": {
      "head": [
        0.087585,
        -0.223609,
        0.357682
      ],
      "tail": [
        0.089819,
        -0.220252,
        0.248144
      ]
    },
    "qwg_guide_rear_left_lower": {
      "head": [
        0.089819,
        -0.220252,
        0.248144
      ],
      "tail": [
        0.087219,
        -0.316012,
        0.167431
      ]
    },
    "qwg_guide_rear_left_foot": {
      "head": [
        0.087219,
        -0.316012,
        0.167431
      ],
      "tail": [
        0.090677,
        -0.28564,
        0.019096
      ]
    },
    "qwg_guide_rear_right_upper": {
      "head": [
        -0.115835,
        -0.211842,
        0.355694
      ],
      "tail": [
        -0.113601,
        -0.208486,
        0.246156
      ]
    },
    "qwg_guide_rear_right_lower": {
      "head": [
        -0.113601,
        -0.208486,
        0.246156
      ],
      "tail": [
        -0.1162,
        -0.304246,
        0.164162
      ]
    },
    "qwg_guide_rear_right_foot": {
      "head": [
        -0.1162,
        -0.304246,
        0.164162
      ],
      "tail": [
        -0.112743,
        -0.273874,
        0.015828
      ]
    }
  },
  "landmarks": {
    "pelvis": [
      -0.003413,
      -0.268434,
      0.397499
    ],
    "spine": [
      -0.003413,
      0.053705,
      0.396234
    ],
    "chest": [
      -0.003413,
      0.182895,
      0.404871
    ],
    "neck": [
      -0.002143,
      0.22475,
      0.464989
    ],
    "head": [
      0.007334,
      0.265668,
      0.527339
    ],
    "tail": [
      -0.003413,
      -0.461004,
      0.054797
    ],
    "front_left_upper": [
      0.122735,
      0.084081,
      0.383717
    ],
    "front_left_mid": [
      0.122735,
      0.118162,
      0.212989
    ],
    "front_left_lower": [
      0.122735,
      0.158987,
      0.102522
    ],
    "front_left_foot": [
      0.122735,
      0.184424,
      0.0253
    ],
    "front_right_upper": [
      -0.12956,
      0.084081,
      0.383717
    ],
    "front_right_mid": [
      -0.12956,
      0.118162,
      0.212989
    ],
    "front_right_lower": [
      -0.12956,
      0.158987,
      0.102522
    ],
    "front_right_foot": [
      -0.12956,
      0.184424,
      0.0253
    ],
    "rear_left_upper": [
      0.087585,
      -0.223609,
      0.357682
    ],
    "rear_left_mid": [
      0.089819,
      -0.220252,
      0.248144
    ],
    "rear_left_lower": [
      0.087219,
      -0.316012,
      0.167431
    ],
    "rear_left_foot": [
      0.090677,
      -0.28564,
      0.019096
    ],
    "rear_right_upper": [
      -0.115835,
      -0.211842,
      0.355694
    ],
    "rear_right_mid": [
      -0.113601,
      -0.208486,
      0.246156
    ],
    "rear_right_lower": [
      -0.1162,
      -0.304246,
      0.164162
    ],
    "rear_right_foot": [
      -0.112743,
      -0.273874,
      0.015828
    ]
  },
  "parameters": {
    "blend_file": "C:\\Users\\sophi\\nito\\data\\automated_training\\nito_1780947226_9cc22c\\nito_1780947226_9cc22c_label_work.blend",
    "mesh_object": "nito_1780947226_9cc22c_Mesh",
    "guide_object": "nito_1780947226_9cc22c_Mesh_Nito_Guide",
    "source_mesh_forward_axis": "POS_Y",
    "label_note": "Reviewed ground-truth label."
  },
  "split": "train",
  "mesh_file": "train/nito_1780947226_9cc22c.obj",
  "label_file": "train/nito_1780947226_9cc22c.json"
}
