{
  "id": "nito_1780946860_122ff1",
  "source": "real_qwalk_label_gold_automated",
  "verified_label": true,
  "training_eligible": true,
  "animal_type": "turtle",
  "morphology_type": "low_reptile",
  "axes": {
    "forward": [
      0.0,
      1.0,
      0.0
    ],
    "left": [
      1.0,
      0.0,
      0.0
    ],
    "up": [
      0.0,
      0.0,
      1.0
    ]
  },
  "guide_bones": {
    "qwg_guide_pelvis": {
      "head": [
        -0.002959,
        -0.395105,
        0.257855
      ],
      "tail": [
        -0.003386,
        -0.288392,
        0.256555
      ]
    },
    "qwg_guide_spine": {
      "head": [
        -0.003386,
        -0.288392,
        0.256555
      ],
      "tail": [
        -0.007415,
        -0.259618,
        0.257129
      ]
    },
    "qwg_guide_chest": {
      "head": [
        -0.007415,
        -0.259618,
        0.257129
      ],
      "tail": [
        -0.000837,
        0.134519,
        0.237116
      ]
    },
    "qwg_guide_neck": {
      "head": [
        -0.000837,
        0.134519,
        0.237116
      ],
      "tail": [
        -0.002841,
        0.277903,
        0.302927
      ]
    },
    "qwg_guide_head": {
      "head": [
        -0.002841,
        0.277903,
        0.302927
      ],
      "tail": [
        -0.001332,
        0.33041,
        0.474811
      ]
    },
    "qwg_guide_tail": {
      "head": [
        -0.003823,
        -0.407028,
        0.256157
      ],
      "tail": [
        -0.005186,
        -0.486228,
        0.1987
      ]
    },
    "qwg_guide_front_left_upper": {
      "head": [
        0.18368,
        0.126822,
        0.230946
      ],
      "tail": [
        0.192263,
        0.113586,
        0.137638
      ]
    },
    "qwg_guide_front_left_lower": {
      "head": [
        0.192263,
        0.113586,
        0.137638
      ],
      "tail": [
        0.21592,
        0.142388,
        0.068123
      ]
    },
    "qwg_guide_front_left_foot": {
      "head": [
        0.21592,
        0.142388,
        0.068123
      ],
      "tail": [
        0.226172,
        0.163884,
        0.021897
      ]
    },
    "qwg_guide_front_right_upper": {
      "head": [
        -0.179108,
        0.126822,
        0.227864
      ],
      "tail": [
        -0.186983,
        0.113586,
        0.134493
      ]
    },
    "qwg_guide_front_right_lower": {
      "head": [
        -0.186983,
        0.113586,
        0.134493
      ],
      "tail": [
        -0.210112,
        0.142388,
        0.064801
      ]
    },
    "qwg_guide_front_right_foot": {
      "head": [
        -0.210112,
        0.142388,
        0.064801
      ],
      "tail": [
        -0.220013,
        0.163884,
        0.018499
      ]
    },
    "qwg_guide_rear_left_upper": {
      "head": [
        0.220853,
        -0.324997,
        0.292969
      ],
      "tail": [
        0.23645,
        -0.263021,
        0.170584
      ]
    },
    "qwg_guide_rear_left_lower": {
      "head": [
        0.23645,
        -0.263021,
        0.170584
      ],
      "tail": [
        0.268496,
        -0.339366,
        0.052349
      ]
    },
    "qwg_guide_rear_left_foot": {
      "head": [
        0.268496,
        -0.339366,
        0.052349
      ],
      "tail": [
        0.278333,
        -0.235905,
        0.021419
      ]
    },
    "qwg_guide_rear_right_upper": {
      "head": [
        -0.216206,
        -0.326348,
        0.289888
      ],
      "tail": [
        -0.231142,
        -0.264418,
        0.167397
      ]
    },
    "qwg_guide_rear_right_lower": {
      "head": [
        -0.231142,
        -0.264418,
        0.167397
      ],
      "tail": [
        -0.262702,
        -0.34086,
        0.048941
      ]
    },
    "qwg_guide_rear_right_foot": {
      "head": [
        -0.262702,
        -0.34086,
        0.048941
      ],
      "tail": [
        -0.272069,
        -0.237427,
        0.017944
      ]
    }
  },
  "landmarks": {
    "pelvis": [
      -0.002959,
      -0.395105,
      0.257855
    ],
    "spine": [
      -0.007415,
      -0.259618,
      0.257129
    ],
    "chest": [
      -0.000837,
      0.134519,
      0.237116
    ],
    "neck": [
      -0.002841,
      0.277903,
      0.302927
    ],
    "head": [
      -0.001332,
      0.33041,
      0.474811
    ],
    "tail": [
      -0.005186,
      -0.486228,
      0.1987
    ],
    "front_left_upper": [
      0.18368,
      0.126822,
      0.230946
    ],
    "front_left_mid": [
      0.192263,
      0.113586,
      0.137638
    ],
    "front_left_lower": [
      0.21592,
      0.142388,
      0.068123
    ],
    "front_left_foot": [
      0.226172,
      0.163884,
      0.021897
    ],
    "front_right_upper": [
      -0.179108,
      0.126822,
      0.227864
    ],
    "front_right_mid": [
      -0.186983,
      0.113586,
      0.134493
    ],
    "front_right_lower": [
      -0.210112,
      0.142388,
      0.064801
    ],
    "front_right_foot": [
      -0.220013,
      0.163884,
      0.018499
    ],
    "rear_left_upper": [
      0.220853,
      -0.324997,
      0.292969
    ],
    "rear_left_mid": [
      0.23645,
      -0.263021,
      0.170584
    ],
    "rear_left_lower": [
      0.268496,
      -0.339366,
      0.052349
    ],
    "rear_left_foot": [
      0.278333,
      -0.235905,
      0.021419
    ],
    "rear_right_upper": [
      -0.216206,
      -0.326348,
      0.289888
    ],
    "rear_right_mid": [
      -0.231142,
      -0.264418,
      0.167397
    ],
    "rear_right_lower": [
      -0.262702,
      -0.34086,
      0.048941
    ],
    "rear_right_foot": [
      -0.272069,
      -0.237427,
      0.017944
    ]
  },
  "parameters": {
    "blend_file": "C:\\Users\\sophi\\nito\\data\\automated_training\\nito_1780946860_122ff1\\nito_1780946860_122ff1_label_work.blend",
    "mesh_object": "nito_1780946860_122ff1_Mesh",
    "guide_object": "nito_1780946860_122ff1_Mesh_QWalk_Geometric_Guides",
    "source_mesh_forward_axis": "POS_Y",
    "label_note": "Reviewed ground-truth label."
  },
  "split": "train",
  "mesh_file": "train/nito_1780946860_122ff1.obj",
  "label_file": "train/nito_1780946860_122ff1.json"
}
