{
  "id": "nito_1780715440_3b1b64",
  "source": "real_qwalk_label_gold_automated",
  "verified_label": true,
  "training_eligible": true,
  "animal_type": "unknown",
  "morphology_type": "long_legged_ungulate",
  "axes": {
    "forward": [
      0.0,
      1.0,
      0.0
    ],
    "left": [
      1.0,
      0.0,
      0.0
    ],
    "up": [
      0.0,
      0.0,
      1.0
    ]
  },
  "guide_bones": {
    "qwg_guide_pelvis": {
      "head": [
        -0.000226,
        -0.328049,
        0.540658
      ],
      "tail": [
        -0.000226,
        -0.242643,
        0.56373
      ]
    },
    "qwg_guide_spine": {
      "head": [
        -0.000226,
        -0.242643,
        0.56373
      ],
      "tail": [
        -0.000226,
        -0.013856,
        0.551224
      ]
    },
    "qwg_guide_chest": {
      "head": [
        -0.000226,
        -0.013856,
        0.551224
      ],
      "tail": [
        -0.000226,
        0.173435,
        0.662709
      ]
    },
    "qwg_guide_neck": {
      "head": [
        -0.000226,
        0.173435,
        0.662709
      ],
      "tail": [
        -0.000226,
        0.245356,
        0.758137
      ]
    },
    "qwg_guide_head": {
      "head": [
        -0.000226,
        0.245356,
        0.758137
      ],
      "tail": [
        -0.000226,
        0.348743,
        0.809092
      ]
    },
    "qwg_guide_tail": {
      "head": [
        -0.000226,
        -0.328049,
        0.540658
      ],
      "tail": [
        -0.000226,
        -0.4445,
        0.466846
      ]
    },
    "qwg_guide_front_left_upper": {
      "head": [
        0.069001,
        0.151351,
        0.381162
      ],
      "tail": [
        0.069001,
        0.151384,
        0.190396
      ]
    },
    "qwg_guide_front_left_lower": {
      "head": [
        0.069001,
        0.151384,
        0.190396
      ],
      "tail": [
        0.069001,
        0.155523,
        0.037407
      ]
    },
    "qwg_guide_front_left_foot": {
      "head": [
        0.069001,
        0.155523,
        0.037407
      ],
      "tail": [
        0.069001,
        0.206646,
        0.018587
      ]
    },
    "qwg_guide_front_right_upper": {
      "head": [
        -0.069453,
        0.151351,
        0.381162
      ],
      "tail": [
        -0.069453,
        0.151384,
        0.190396
      ]
    },
    "qwg_guide_front_right_lower": {
      "head": [
        -0.069453,
        0.151384,
        0.190396
      ],
      "tail": [
        -0.069453,
        0.155523,
        0.037407
      ]
    },
    "qwg_guide_front_right_foot": {
      "head": [
        -0.069453,
        0.155523,
        0.037407
      ],
      "tail": [
        -0.069453,
        0.206646,
        0.018587
      ]
    },
    "qwg_guide_rear_left_upper": {
      "head": [
        0.069001,
        -0.296627,
        0.389459
      ],
      "tail": [
        0.069001,
        -0.349926,
        0.172824
      ]
    },
    "qwg_guide_rear_left_lower": {
      "head": [
        0.069001,
        -0.349926,
        0.172824
      ],
      "tail": [
        0.069001,
        -0.339605,
        0.039204
      ]
    },
    "qwg_guide_rear_left_foot": {
      "head": [
        0.069001,
        -0.339605,
        0.039204
      ],
      "tail": [
        0.069001,
        -0.285126,
        0.010731
      ]
    },
    "qwg_guide_rear_right_upper": {
      "head": [
        -0.069453,
        -0.296627,
        0.389459
      ],
      "tail": [
        -0.069453,
        -0.349926,
        0.172824
      ]
    },
    "qwg_guide_rear_right_lower": {
      "head": [
        -0.069453,
        -0.349926,
        0.172824
      ],
      "tail": [
        -0.069453,
        -0.339605,
        0.039204
      ]
    },
    "qwg_guide_rear_right_foot": {
      "head": [
        -0.069453,
        -0.339605,
        0.039204
      ],
      "tail": [
        -0.069453,
        -0.285126,
        0.010731
      ]
    }
  },
  "landmarks": {
    "pelvis": [
      -0.000226,
      -0.328049,
      0.540658
    ],
    "spine": [
      -0.000226,
      -0.013856,
      0.551224
    ],
    "chest": [
      -0.000226,
      0.173435,
      0.662709
    ],
    "neck": [
      -0.000226,
      0.245356,
      0.758137
    ],
    "head": [
      -0.000226,
      0.348743,
      0.809092
    ],
    "tail": [
      -0.000226,
      -0.4445,
      0.466846
    ],
    "front_left_upper": [
      0.069001,
      0.151351,
      0.381162
    ],
    "front_left_mid": [
      0.069001,
      0.151384,
      0.190396
    ],
    "front_left_lower": [
      0.069001,
      0.155523,
      0.037407
    ],
    "front_left_foot": [
      0.069001,
      0.206646,
      0.018587
    ],
    "front_right_upper": [
      -0.069453,
      0.151351,
      0.381162
    ],
    "front_right_mid": [
      -0.069453,
      0.151384,
      0.190396
    ],
    "front_right_lower": [
      -0.069453,
      0.155523,
      0.037407
    ],
    "front_right_foot": [
      -0.069453,
      0.206646,
      0.018587
    ],
    "rear_left_upper": [
      0.069001,
      -0.296627,
      0.389459
    ],
    "rear_left_mid": [
      0.069001,
      -0.349926,
      0.172824
    ],
    "rear_left_lower": [
      0.069001,
      -0.339605,
      0.039204
    ],
    "rear_left_foot": [
      0.069001,
      -0.285126,
      0.010731
    ],
    "rear_right_upper": [
      -0.069453,
      -0.296627,
      0.389459
    ],
    "rear_right_mid": [
      -0.069453,
      -0.349926,
      0.172824
    ],
    "rear_right_lower": [
      -0.069453,
      -0.339605,
      0.039204
    ],
    "rear_right_foot": [
      -0.069453,
      -0.285126,
      0.010731
    ]
  },
  "parameters": {
    "blend_file": "C:\\Users\\Daniel Couch\\Desktop\\Coding\\walk-cycle-generator\\data\\automated_training\\nito_1780715440_3b1b64\\nito_1780715440_3b1b64_label_work.blend",
    "mesh_object": "nito_1780715440_3b1b64_Mesh",
    "guide_object": "nito_1780715440_3b1b64_Mesh_QWalk_Geometric_Guides",
    "source_mesh_forward_axis": "POS_Y",
    "label_note": "Reviewed ground-truth label."
  },
  "split": "train",
  "mesh_file": "train/nito_1780715440_3b1b64.obj",
  "label_file": "train/nito_1780715440_3b1b64.json"
}
